-	mapped_CRC001_H_single.sam	mapped_CRC001_T_single.sam	mapped_CRC002_H_single.sam	mapped_CRC002_T_single.sam	mapped_CRC003_H_single.sam	mapped_CRC003_T_single.sam	mapped_CRC004_H_single.sam	mapped_CRC004_T_single.sam	mapped_CRC005_H_single.sam	mapped_CRC005_T_single.sam	mapped_CRC006_H_single.sam	mapped_CRC006_T_single.sam	mapped_CRC007_H_single.sam	mapped_CRC007_T_single.sam	mapped_CRC009_H_single.sam	mapped_CRC009_T_single.sam	mapped_CRC010_H_single.sam	mapped_CRC010_T_single.sam	mapped_CRC011_H_single.sam	mapped_CRC011_T_single.sam	mapped_CRC012_H_single.sam	mapped_CRC012_T_single.sam	mapped_CRC013_H_single.sam	mapped_CRC013_T_single.sam
NODE_3421_length_1004_cov_1.01581	0	0	0	0	0	0	0	0	4	0	0	0	0	0	0	0	0	0	0	0	0	0	0	0
NODE_16093_length_1160_cov_1.5629	0	0	0	0	0	0	0	0	4	2	0	0	0	0	0	0	0	1	0	0	0	0	0	0
NODE_16494_length_858_cov_1.42092	0	0	0	0	0	0	0	0	0	0	0	0	0	0	1	3	0	1	0	0	0	0	0	0
NODE_16829_length_829_cov_1.91085	0	1	0	1	0	0	0	3	0	0	0	0	0	0	0	0	1	0	0	0	0	0	0	0
NODE_17246_length_1014_cov_1.34828	0	0	0	0	0	0	0	0	0	0	0	1	0	0	0	0	0	6	0	0	0	0	0	0
NODE_17614_length_858_cov_1.03985	0	0	0	0	0	0	0	0	2	2	0	0	0	0	0	0	0	0	0	0	0	0	0	0
NODE_19073_length_891_cov_1.4677	0	0	0	0	0	0	0	0	0	0	0	0	0	0	0	0	0	6	0	0	0	0	0	0
NODE_19558_length_1018_cov_1.24818	0	0	0	0	0	0	0	0	2	1	3	1	0	0	0	0	0	0	0	0	0	0	0	0
NODE_19675_length_1107_cov_1.47909	0	0	0	0	0	0	0	0	0	0	0	0	0	0	0	0	0	7	0	0	0	0	0	0
NODE_20410_length_1113_cov_1.6966	0	0	0	0	3	3	0	0	0	0	1	0	0	0	0	0	0	1	0	0	0	0	0	0
NODE_20541_length_894_cov_1.9261	0	0	0	0	0	0	0	0	0	0	0	0	0	0	2	5	0	0	0	0	0	0	0	0
NODE_20774_length_873_cov_1.32274	0	0	0	0	0	0	0	0	2	3	0	0	0	0	0	0	0	0	0	0	0	0	0	0
NODE_21111_length_813_cov_1.47625	0	0	0	0	2	0	0	0	0	0	2	0	0	0	0	0	1	0	0	0	0	0	0	0
NODE_21113_length_835_cov_1.39744	20	7	0	3	5	2	0	0	1	10	0	0	0	0	0	0	0	0	0	0	0	1	1	0
NODE_21809_length_875_cov_1.95732	0	0	0	0	0	0	0	0	0	0	0	1	0	0	0	0	0	7	0	0	0	0	0	0
NODE_22010_length_926_cov_1.92308	0	0	0	0	0	0	0	0	0	0	0	0	0	0	0	0	0	6	0	0	0	0	0	0
NODE_22112_length_829_cov_1.02455	0	0	0	0	0	0	0	0	0	0	0	0	0	0	0	2	0	0	0	0	0	0	0	0
NODE_22538_length_808_cov_2.05445	1	0	0	0	0	0	0	3	0	0	0	0	0	0	0	0	1	0	0	1	0	0	1	0
NODE_22696_length_872_cov_1.03427	1	1	0	0	1	0	0	0	1	0	0	0	0	0	0	0	0	0	0	0	0	0	0	0
NODE_22800_length_1021_cov_1.68219	0	0	0	0	2	0	0	0	0	1	0	0	2	0	1	0	0	0	0	0	3	0	0	0
NODE_23572_length_839_cov_1.59056	0	0	0	0	0	0	0	0	0	0	0	0	0	0	2	3	0	0	1	0	0	0	0	0
NODE_23791_length_841_cov_1.50254	1	3	0	2	0	2	0	0	0	0	0	0	0	1	0	0	0	0	0	0	0	0	1	1
NODE_24115_length_831_cov_1.11985	0	0	0	0	0	0	0	0	0	0	0	0	0	0	0	0	0	5	0	0	0	0	0	0
NODE_24343_length_915_cov_1.54419	0	0	0	0	1	0	0	0	0	1	0	0	3	0	0	0	0	0	0	0	0	0	0	1
NODE_24393_length_828_cov_1.21345	0	0	2	2	0	0	0	0	0	0	0	1	0	0	0	0	0	0	0	0	0	0	0	0
NODE_24455_length_812_cov_1.27081	0	0	1	3	0	0	0	0	0	0	0	0	0	0	0	0	0	0	0	0	0	0	0	0
NODE_24765_length_960_cov_1.56685	0	0	0	0	4	2	0	0	0	0	0	0	0	1	0	0	0	0	0	0	0	0	0	0
NODE_24972_length_850_cov_1.36855	0	0	0	3	0	0	0	0	0	0	0	0	0	0	0	0	1	0	0	1	0	0	0	0
NODE_24992_length_891_cov_2.64115	0	0	0	0	0	0	0	0	5	4	0	0	0	0	0	0	0	1	0	0	0	0	0	0
NODE_25124_length_861_cov_0.822581	0	1	0	0	0	0	0	0	0	0	0	0	0	0	0	0	0	0	0	0	1	0	0	0
NODE_25220_length_860_cov_1.57267	0	0	1	0	0	0	0	0	0	1	0	1	1	1	0	0	0	0	0	0	1	0	0	3
NODE_25604_length_801_cov_1.46247	0	0	0	0	0	0	0	0	0	0	2	2	0	0	0	0	0	0	0	0	0	0	0	1
NODE_25718_length_952_cov_1.66221	0	0	0	0	2	0	0	0	0	0	0	1	4	0	0	0	0	1	0	0	1	0	0	0
NODE_26377_length_1028_cov_1.51079	0	0	0	0	0	0	0	0	5	1	0	0	0	0	0	0	0	0	0	0	0	0	0	0
NODE_26666_length_963_cov_1.54956	0	0	0	0	0	0	1	0	0	0	0	0	0	0	1	5	0	0	0	0	0	0	0	0
NODE_26851_length_885_cov_2.16627	0	0	0	0	1	0	0	0	0	1	0	0	0	3	0	1	0	1	0	0	1	0	0	3
NODE_27058_length_859_cov_2.6306	0	0	0	1	0	0	0	0	0	0	0	0	0	0	2	6	0	0	0	0	0	0	0	0
NODE_29965_length_990_cov_1.50267	0	0	0	0	0	0	0	0	4	3	0	0	0	0	0	0	0	0	0	0	0	0	0	0
NODE_32614_length_1082_cov_2.52678	0	0	0	0	0	0	0	0	8	3	0	0	0	0	0	0	0	0	0	0	1	0	1	0
NODE_32617_length_899_cov_1.80687	13	4	1	4	5	2	0	1	1	2	0	0	0	0	2	0	1	0	0	0	1	0	1	0
NODE_32855_length_880_cov_1.67515	1	0	0	0	1	0	0	0	1	0	0	0	1	0	2	0	0	0	0	0	0	1	0	0
NODE_33079_length_880_cov_1.63394	0	0	1	0	0	0	0	0	0	1	0	1	0	0	0	0	0	0	2	1	0	0	0	0
NODE_33112_length_897_cov_2.38124	4	0	1	1	1	0	0	0	0	0	0	0	0	0	1	1	0	0	0	0	0	0	1	0
NODE_33301_length_804_cov_1.02403	0	0	0	0	0	0	0	0	0	1	0	0	0	0	0	0	0	0	0	0	1	1	0	0
NODE_33314_length_1037_cov_1.68941	4	0	0	0	1	0	0	0	0	0	3	0	0	0	0	2	4	0	0	2	0	0	1	0
NODE_33469_length_980_cov_1.15892	0	0	0	1	0	0	0	0	0	0	0	0	0	0	0	0	0	0	0	0	0	0	1	0
NODE_33568_length_1223_cov_2.04195	0	0	0	0	0	1	0	0	7	2	0	0	0	0	0	0	0	0	0	0	0	0	0	0
NODE_33615_length_967_cov_1.14364	1	1	1	1	1	0	0	0	0	0	0	0	0	0	0	0	0	0	0	0	0	0	1	0
NODE_33641_length_963_cov_1.6696	0	0	0	0	0	0	0	0	0	0	0	0	0	0	0	7	0	0	0	0	0	0	0	0
NODE_33683_length_852_cov_1.01255	0	0	0	0	0	0	0	0	4	0	0	0	0	0	0	0	0	0	0	0	0	0	0	0
NODE_33730_length_822_cov_1.03781	0	0	0	0	1	0	0	0	0	0	0	0	0	0	0	0	0	0	0	1	0	0	0	0
NODE_33736_length_1299_cov_1.5	0	0	0	0	0	2	0	0	3	0	1	4	0	0	0	0	0	0	0	1	0	0	0	0
NODE_33759_length_848_cov_1.01513	1	0	0	0	0	0	0	0	0	0	0	0	0	0	1	0	0	0	0	0	0	0	1	0
NODE_33776_length_2237_cov_1.42163	0	0	0	0	0	0	0	0	0	0	0	0	0	0	2	10	1	0	1	0	0	0	0	0
NODE_33778_length_1283_cov_1.12622	0	0	0	0	1	0	0	0	0	2	0	0	3	1	0	1	1	0	0	0	0	0	0	0
NODE_33788_length_1076_cov_1.48384	0	2	0	1	1	1	0	0	0	0	0	0	0	0	0	0	0	0	0	0	0	0	0	0
NODE_33794_length_918_cov_1.45423	0	0	0	0	1	0	0	0	0	0	1	0	0	1	1	1	1	0	0	0	0	0	0	0
NODE_33857_length_820_cov_1.66797	0	0	2	0	1	1	0	0	0	22	0	0	0	0	0	0	0	0	0	0	0	0	0	0
NODE_33910_length_980_cov_4.4627	0	0	0	0	0	0	0	0	0	0	0	0	3	0	2	1	0	0	0	1	1	0	0	12
NODE_33914_length_809_cov_1.62865	1	2	0	1	1	1	0	0	0	0	0	0	0	0	0	0	2	0	0	0	0	0	1	0
NODE_33935_length_1068_cov_1.5844	0	0	0	0	0	0	0	0	0	0	0	0	0	0	0	0	0	8	0	0	0	0	0	0
NODE_33981_length_845_cov_1.5038	0	0	0	0	0	0	0	0	0	1	0	0	0	0	0	4	0	0	0	0	0	0	0	0
NODE_33998_length_920_cov_1.6578	6	3	0	4	2	1	0	2	1	3	0	0	0	0	0	0	0	0	0	1	0	0	2	0
NODE_34220_length_1385_cov_2.15113	0	0	0	0	0	0	0	0	1	0	0	0	0	0	0	9	0	2	0	0	0	0	0	0
NODE_34221_length_817_cov_1.88583	0	0	0	1	0	0	0	0	3	2	0	0	1	0	0	0	0	0	0	0	0	0	0	0
NODE_34393_length_954_cov_1.02225	1	0	0	0	5	0	0	0	0	1	0	0	0	0	0	0	1	3	0	0	0	0	1	0
NODE_34416_length_1186_cov_4.49072	0	0	0	0	0	0	1	0	0	68	0	0	0	0	8	10	0	0	0	0	2	0	0	0
NODE_34444_length_1260_cov_2.70871	0	0	0	0	0	0	0	0	0	0	0	0	0	1	1	1	2	1	1	0	0	0	0	10
NODE_34456_length_903_cov_1.72052	0	0	0	0	0	0	0	0	0	1	0	0	2	0	0	0	1	0	2	0	0	0	2	0
NODE_34636_length_852_cov_1.46926	0	0	0	0	0	0	0	0	2	2	0	0	0	0	0	0	0	0	0	0	0	0	0	0
NODE_34737_length_943_cov_2.18243	5	2	0	0	1	0	0	0	0	0	1	0	1	0	0	0	0	0	0	0	0	0	1	0
NODE_34759_length_828_cov_1.61837	0	0	0	0	0	0	0	0	4	1	0	0	0	0	0	0	0	0	0	0	0	0	0	0
NODE_34781_length_1234_cov_1.58694	1	0	0	0	0	0	0	0	0	0	0	0	0	0	3	5	0	0	0	0	0	0	0	0
NODE_34787_length_863_cov_2.74629	0	0	1	0	0	0	0	0	0	0	0	0	5	0	1	0	0	0	0	0	0	0	1	0
NODE_34829_length_850_cov_1.50818	0	0	0	0	0	0	0	0	2	1	0	4	0	0	0	0	0	0	0	0	0	0	0	0
NODE_34853_length_1126_cov_1.70962	1	0	0	0	3	0	0	0	0	0	0	0	0	0	0	0	1	1	0	1	0	0	0	0
NODE_34862_length_900_cov_2.00118	0	0	0	1	2	0	0	1	0	1	0	0	0	0	0	0	0	1	0	0	0	1	1	0
NODE_34941_length_943_cov_2.11374	1	0	0	0	0	2	0	0	0	0	0	0	0	0	0	0	0	0	1	0	0	0	0	7
NODE_35011_length_965_cov_1.41319	3	0	0	0	3	0	0	1	1	0	0	0	2	0	0	0	0	0	0	0	0	0	3	0
NODE_35046_length_1798_cov_1.85886	0	0	1	0	0	0	0	0	0	1	0	0	0	0	0	0	3	8	0	0	0	0	0	0
NODE_35129_length_878_cov_1.33293	0	0	0	0	1	0	0	0	0	1	0	0	0	0	1	0	0	0	1	0	0	0	0	1
NODE_35143_length_815_cov_2.54474	0	0	0	0	2	6	0	0	0	0	0	0	0	0	0	0	1	0	0	0	0	0	0	0
NODE_35154_length_858_cov_2.74346	0	0	0	0	1	0	0	0	0	0	0	1	0	0	0	0	0	2	0	0	0	0	0	6
NODE_35228_length_2643_cov_2.08617	0	0	0	0	0	1	1	0	0	0	0	0	0	0	8	14	0	1	0	0	0	0	0	0
NODE_35289_length_938_cov_2.75878	0	0	0	0	0	0	0	0	0	0	0	0	0	0	3	8	0	1	0	0	0	0	0	0
NODE_35315_length_1402_cov_1.48849	0	0	0	0	0	0	0	0	0	0	0	0	0	0	1	7	0	0	0	0	0	0	0	0
NODE_35346_length_831_cov_1.60954	0	0	0	0	0	0	0	0	0	0	0	0	0	0	0	0	0	6	0	0	0	0	0	0
NODE_35368_length_1098_cov_1.42857	0	0	1	0	0	0	0	0	1	0	0	0	0	0	0	0	0	4	0	0	0	0	0	0
NODE_35420_length_979_cov_1.73268	0	0	0	0	0	0	0	0	1	0	0	4	0	0	0	0	0	0	0	0	0	0	0	0
NODE_35434_length_930_cov_3.06514	0	0	0	1	1	0	0	0	0	0	0	0	4	0	0	0	0	0	0	0	1	0	0	6
NODE_35440_length_1093_cov_1.3237	0	0	0	0	0	0	0	0	2	2	0	1	0	0	0	0	1	0	0	0	0	0	0	0
NODE_35560_length_890_cov_1.18563	0	0	0	1	0	1	0	0	0	0	0	0	0	0	0	0	0	0	0	1	0	0	0	0
NODE_35569_length_827_cov_1.52591	0	2	0	1	0	0	0	0	0	0	0	0	0	0	0	0	0	0	0	2	0	0	0	0
NODE_35577_length_1615_cov_2.68846	0	0	0	0	1	0	0	0	0	0	0	0	0	0	4	12	0	0	0	0	0	0	0	0
NODE_35606_length_1177_cov_1.92157	0	0	0	0	0	0	0	0	0	0	0	0	0	0	0	10	0	0	0	0	0	0	0	0
NODE_35667_length_900_cov_3.44379	0	0	0	1	0	0	0	0	4	4	0	0	0	0	0	0	0	0	0	1	0	0	0	0
NODE_35677_length_882_cov_1.7896	4	0	0	0	1	0	0	0	0	14	1	0	0	0	2	0	2	0	0	0	0	0	0	2
NODE_35720_length_856_cov_1.94632	0	0	0	0	0	0	0	0	0	0	0	0	0	0	0	4	0	1	0	1	0	1	0	0
NODE_35766_length_971_cov_1.46179	0	0	0	0	0	0	0	0	0	0	4	2	0	0	0	0	0	0	0	0	0	0	0	0
NODE_35820_length_1262_cov_1.81773	0	0	0	0	0	0	0	0	0	0	0	0	0	0	0	0	0	10	1	0	0	0	0	0
NODE_35879_length_1083_cov_2.12062	0	1	0	0	0	0	0	0	6	3	0	1	0	0	0	1	0	0	0	0	0	0	0	0
NODE_35947_length_857_cov_2.61222	0	0	0	0	0	0	0	0	0	0	0	1	0	0	0	1	0	1	0	0	0	0	1	8
NODE_35958_length_1257_cov_1.66889	0	0	0	0	0	0	0	0	0	0	0	0	0	0	1	7	0	1	0	0	0	0	0	0
NODE_35966_length_835_cov_2.27692	0	0	0	0	0	0	0	0	0	0	0	0	0	0	1	6	0	0	0	0	0	0	0	0
NODE_35983_length_875_cov_1.58171	0	0	0	0	0	0	0	0	0	1	0	0	3	0	0	0	0	0	0	0	0	0	0	3
NODE_36000_length_892_cov_2.39188	0	0	0	0	0	0	0	0	0	0	0	0	0	0	1	7	0	0	0	0	0	0	0	0
NODE_36019_length_818_cov_1.65138	0	0	0	0	0	0	0	0	0	0	0	0	0	0	3	2	0	0	0	0	0	0	0	0
NODE_36037_length_1423_cov_1.68421	0	0	0	0	0	0	0	0	0	0	0	1	0	0	0	0	0	10	0	0	0	0	0	0
NODE_36054_length_1056_cov_1.39461	0	0	0	0	0	0	0	0	6	1	0	0	0	0	0	0	0	0	0	0	0	0	0	0
NODE_36063_length_1978_cov_2.12116	0	0	0	0	0	0	0	0	0	0	0	0	0	0	3	15	0	0	0	1	0	0	0	0
NODE_36266_length_1143_cov_1.84283	0	0	0	0	0	0	0	0	1	7	0	0	0	0	0	0	0	0	0	0	2	0	0	0
NODE_36277_length_893_cov_1.27924	0	0	0	0	0	0	0	0	0	0	1	3	0	0	0	0	0	0	0	0	0	0	0	0
NODE_36317_length_1156_cov_2.07357	0	0	0	0	0	0	0	0	0	0	0	0	0	0	1	7	0	0	0	0	0	0	0	0
NODE_36318_length_1631_cov_3.09835	0	0	0	0	0	0	1	0	0	0	0	0	0	0	3	17	0	0	1	0	0	0	0	1
NODE_36328_length_955_cov_3.20778	0	0	0	0	0	1	0	0	0	0	0	0	0	0	1	9	0	0	0	1	0	0	0	0
NODE_36329_length_1000_cov_2.05503	1	2	0	2	1	0	0	0	0	1	0	0	0	0	0	0	2	0	0	0	0	0	1	0
NODE_36335_length_900_cov_2.26746	4	1	0	1	1	0	0	2	0	0	0	0	0	0	0	0	2	0	0	0	0	0	1	0
NODE_36449_length_1470_cov_1.91661	0	0	0	0	0	1	0	0	4	1	2	6	0	0	0	0	0	1	0	0	0	0	0	0
NODE_36458_length_1246_cov_1.89001	0	0	0	0	0	0	0	0	0	0	0	1	0	0	1	9	0	0	0	0	1	0	0	0
NODE_36467_length_817_cov_2.04724	0	2	0	0	1	0	0	0	0	0	0	0	0	1	0	2	0	0	0	0	0	0	0	0
NODE_36482_length_836_cov_1.76953	0	0	0	0	0	0	0	0	0	0	0	0	7	0	0	0	0	1	0	0	0	0	0	0
NODE_36621_length_865_cov_1.42593	0	0	1	1	0	0	0	1	0	0	0	0	0	0	0	1	0	0	0	0	0	0	0	0
NODE_36622_length_3403_cov_2.96744	0	0	0	0	0	0	0	0	0	0	0	0	0	0	11	27	0	0	1	0	4	0	0	0
NODE_36625_length_1012_cov_1.57053	2	1	0	0	1	3	0	0	1	0	0	0	0	0	0	0	0	0	0	0	0	0	0	0
NODE_36655_length_1241_cov_3.9629	0	0	0	0	1	0	0	0	0	0	0	0	0	0	4	16	0	0	0	0	0	0	0	0
NODE_36688_length_1294_cov_2.64891	0	0	0	0	0	1	0	0	0	0	0	0	0	0	3	12	0	0	0	0	0	0	0	0
NODE_36820_length_1032_cov_2.08086	0	0	0	0	0	0	0	0	0	0	0	0	0	0	5	3	0	0	0	0	0	0	0	1
NODE_36829_length_1617_cov_2.05058	0	0	0	0	0	0	0	0	11	5	0	0	0	0	0	0	0	0	0	0	0	0	0	0
NODE_36837_length_1050_cov_1.4191	0	0	0	0	0	0	0	0	0	0	0	0	0	0	2	2	0	0	0	0	0	0	0	1
NODE_36839_length_1116_cov_2.25919	0	0	0	0	0	0	0	0	0	0	0	1	0	0	1	10	0	0	0	0	0	0	0	0
NODE_36856_length_1030_cov_2.06564	0	0	0	0	0	0	0	0	0	0	0	0	0	0	4	6	0	0	1	0	0	0	0	0
NODE_36858_length_1379_cov_1.70468	0	0	0	0	0	0	0	0	6	4	0	1	0	0	0	0	0	0	0	1	0	0	0	0
NODE_36864_length_959_cov_1.55863	0	0	0	0	0	0	0	0	2	0	0	0	0	0	0	4	0	0	0	0	0	0	0	0
NODE_36994_length_2128_cov_2.1862	0	0	0	0	0	0	0	0	0	0	0	0	0	0	4	16	0	0	0	0	0	0	0	0
NODE_37022_length_1019_cov_6.45747	0	0	0	0	0	0	0	0	0	3	0	1	0	0	1	0	1	0	1	1	1	0	0	22
NODE_37043_length_1295_cov_1.54677	0	0	0	0	0	2	0	0	6	1	0	1	0	0	0	0	0	1	0	0	1	0	0	0
NODE_37089_length_864_cov_5.50433	0	0	0	0	0	0	0	0	0	0	0	0	0	0	0	0	0	1	0	0	0	0	0	20
NODE_37092_length_924_cov_1.99655	0	1	1	1	0	0	0	1	0	0	0	1	0	0	0	0	0	0	0	2	0	0	0	0
NODE_37104_length_3722_cov_2.16635	0	0	0	0	0	1	0	0	0	0	0	0	0	0	5	21	1	7	0	0	0	0	0	0
NODE_37133_length_1392_cov_1.74495	0	0	0	0	0	0	0	0	0	0	0	0	0	0	2	6	2	0	1	0	0	0	0	0
NODE_37142_length_1865_cov_1.85801	0	0	0	0	0	0	0	0	4	3	0	4	0	0	0	5	1	0	0	0	1	0	0	0
NODE_37161_length_2016_cov_1.68332	0	0	0	0	0	0	0	0	8	6	0	0	0	0	0	0	1	0	0	0	0	0	0	1
NODE_37171_length_1346_cov_2.25407	0	0	0	0	0	0	0	0	1	0	2	1	5	1	1	0	0	0	0	0	1	1	0	0
NODE_37195_length_825_cov_3.02208	0	0	0	0	0	2	0	0	1	1	0	0	1	0	0	0	0	0	0	1	1	0	0	9
NODE_37228_length_1897_cov_2.7405	0	0	0	0	0	0	0	0	16	9	0	0	0	0	0	0	0	0	0	0	0	0	0	0
NODE_37253_length_1202_cov_1.6905	0	0	0	0	0	0	0	0	1	0	2	5	0	0	0	0	0	1	0	0	0	0	0	0
NODE_37255_length_1059_cov_2.42231	0	0	0	0	0	0	0	0	0	0	0	0	0	0	1	10	0	0	0	0	0	0	0	0
NODE_37261_length_911_cov_2.33528	0	0	0	0	0	0	0	1	0	0	0	0	0	0	1	6	0	0	0	0	0	0	0	0
NODE_37311_length_1052_cov_1.65898	0	0	0	0	0	0	0	6	0	0	0	0	0	1	0	0	0	0	0	0	0	0	0	0
NODE_37323_length_871_cov_4.61765	0	0	0	0	0	0	0	0	0	0	0	0	0	0	0	0	1	0	0	0	1	0	0	13
NODE_37343_length_806_cov_2.71372	0	0	0	0	0	0	0	0	0	0	0	0	3	0	0	0	0	0	0	0	1	0	1	5
NODE_37398_length_1238_cov_1.89518	0	0	0	0	0	0	0	0	0	1	0	0	0	0	1	7	0	1	0	0	0	0	0	1
NODE_37409_length_1889_cov_2.62541	0	0	0	0	0	0	0	0	8	1	0	0	0	0	7	8	0	0	1	2	0	0	0	0
NODE_37420_length_1487_cov_1.56634	0	0	0	0	0	2	0	0	7	0	1	2	0	0	0	0	0	1	0	0	0	0	0	0
NODE_37446_length_1044_cov_1.74216	0	0	0	1	0	0	0	0	0	0	2	4	0	0	0	0	0	1	0	0	0	0	0	0
NODE_37467_length_983_cov_4.08405	0	0	0	0	0	0	1	0	0	0	0	0	2	2	1	0	0	0	0	0	0	0	0	11
NODE_37511_length_1042_cov_2.48936	0	0	0	0	0	0	0	0	0	0	0	0	0	0	3	6	0	0	0	1	0	0	0	0
NODE_37577_length_2486_cov_2.39984	0	0	0	0	0	0	0	0	0	0	0	0	0	0	2	21	0	0	0	1	2	0	1	0
NODE_37583_length_857_cov_2.12095	0	0	0	0	0	0	0	0	0	0	0	0	0	0	0	8	0	0	0	0	0	0	0	0
NODE_37603_length_1271_cov_2.08388	0	0	0	0	0	0	0	0	0	0	1	0	0	0	3	5	0	0	1	0	0	0	0	1
NODE_37611_length_1440_cov_2.35957	0	0	0	0	0	0	0	0	0	0	0	0	0	0	1	11	0	0	1	1	1	0	0	0
NODE_37675_length_956_cov_2.37514	0	0	0	0	0	0	0	0	0	0	0	0	0	0	0	9	0	0	0	0	0	0	0	0
NODE_37738_length_975_cov_2.10435	5	2	0	1	1	1	0	4	0	3	0	2	0	0	0	0	0	0	0	2	0	0	1	6
NODE_37743_length_1051_cov_2.2751	4	4	0	0	2	1	0	0	0	1	1	0	1	0	0	0	3	0	0	0	0	1	1	0
NODE_37777_length_867_cov_4.47167	0	0	0	0	0	0	0	0	1	2	0	0	0	0	0	0	0	0	0	0	0	0	1	16
NODE_37787_length_1171_cov_1.51523	0	0	0	0	0	0	0	0	8	1	0	0	0	0	0	0	0	0	0	0	0	0	0	0
NODE_37802_length_828_cov_1.36869	0	0	0	0	0	0	0	0	5	0	0	0	0	0	0	0	0	0	0	0	0	0	0	0
NODE_37873_length_1021_cov_2.15528	0	0	0	0	0	0	0	0	0	1	0	0	0	0	2	5	0	0	0	0	0	0	0	0
NODE_37879_length_1124_cov_1.26941	0	0	0	0	0	0	0	0	2	1	0	2	0	0	0	0	0	0	0	0	0	0	0	0
NODE_37918_length_856_cov_5.196	0	0	0	0	0	0	0	0	1	1	0	0	2	3	0	0	0	0	1	0	0	0	0	17
NODE_37934_length_1570_cov_2.10561	0	0	0	0	0	0	0	0	4	9	0	0	0	0	0	0	0	0	0	0	0	0	0	0
NODE_37940_length_2095_cov_2.60098	0	0	0	0	0	0	0	0	0	0	0	1	0	0	4	18	0	0	1	0	0	0	0	0
NODE_37955_length_1113_cov_1.73724	0	0	0	0	0	0	0	4	0	0	0	0	0	1	1	0	1	1	1	0	0	0	0	0
NODE_37980_length_993_cov_1.18763	0	0	0	0	0	1	0	0	0	0	0	0	0	0	1	2	0	0	0	0	0	1	0	0
NODE_38048_length_1391_cov_1.46856	0	0	0	0	4	0	0	0	1	1	0	0	5	0	0	0	0	0	1	0	0	0	0	0
NODE_38071_length_823_cov_1.82682	0	0	0	4	0	0	0	0	0	1	0	0	0	0	0	0	0	0	0	0	0	0	0	0
NODE_38073_length_853_cov_2.54637	3	0	0	1	0	0	0	0	0	0	2	0	2	0	0	2	0	1	0	1	0	0	0	0
NODE_38141_length_1191_cov_2.36708	0	0	0	0	0	0	0	0	4	5	0	0	0	0	0	0	0	0	0	1	1	0	0	0
NODE_38196_length_874_cov_2.68498	0	0	0	3	2	0	0	3	0	0	0	2	0	2	0	1	0	0	0	0	1	0	0	0
NODE_38199_length_1177_cov_2.00357	13	0	0	1	5	1	7	0	157	5	1	40	0	0	2	21	2	4	0	1	3	0	0	5
NODE_38206_length_824_cov_4.22887	0	0	0	0	0	0	0	0	0	0	0	1	0	2	0	0	0	0	0	0	0	0	0	12
NODE_38282_length_808_cov_2.09296	4	0	1	0	1	1	0	1	0	1	0	0	0	0	1	0	0	0	0	0	0	0	1	0
NODE_38315_length_1817_cov_1.51476	1	0	0	0	0	1	0	0	5	0	1	5	0	0	0	0	0	0	0	0	0	0	0	0
NODE_38400_length_949_cov_1.92394	1	1	0	0	1	0	0	1	0	0	0	0	0	0	2	0	2	0	0	0	1	0	0	1
NODE_38514_length_2398_cov_2.42296	0	0	0	0	0	0	0	0	0	1	0	1	0	0	8	16	0	1	1	0	0	0	0	0
NODE_38642_length_1171_cov_2.79032	0	0	0	0	0	0	0	0	10	5	0	0	0	0	0	0	0	0	0	0	0	0	0	0
NODE_38737_length_1052_cov_2.44534	0	0	0	0	0	1	0	0	0	0	0	1	0	0	1	9	0	0	0	0	0	0	0	0
NODE_38777_length_858_cov_2.25778	4	2	3	0	4	0	0	0	0	0	0	0	0	0	1	1	1	0	0	1	0	1	1	0
NODE_38812_length_1663_cov_1.37687	0	0	0	0	0	1	0	0	5	0	0	3	0	0	0	0	0	0	0	0	0	0	1	0
NODE_38829_length_976_cov_2.38979	0	0	0	0	0	0	0	0	4	1	0	0	0	0	0	9	0	0	0	0	0	0	0	0
NODE_39041_length_1078_cov_2.81818	0	0	0	0	0	0	0	0	7	5	0	0	0	0	0	0	0	0	0	0	1	0	0	0
NODE_39059_length_1201_cov_2.99825	5	0	2	0	0	1	0	4	1	0	0	0	0	1	2	0	2	1	0	0	0	0	0	0
NODE_39071_length_1338_cov_2.21278	0	0	0	0	0	0	0	0	0	0	0	0	0	0	9	5	0	0	0	0	0	0	0	0
NODE_39109_length_917_cov_2.62065	0	0	0	0	0	0	0	0	0	0	0	0	0	0	0	8	0	0	0	1	0	0	0	0
NODE_39124_length_803_cov_1.84225	0	0	1	0	2	1	2	0	0	0	2	0	0	0	0	0	0	0	0	0	0	0	0	0
NODE_39137_length_1431_cov_2.00581	0	0	0	0	0	0	0	0	4	9	0	0	0	0	0	0	0	0	0	1	0	0	0	0
NODE_39138_length_981_cov_2.69762	0	0	0	0	0	0	0	0	0	0	0	0	8	0	0	1	1	0	0	1	0	0	1	0
NODE_39181_length_2353_cov_1.90383	0	0	0	0	1	2	0	0	9	0	0	10	0	0	0	0	0	0	0	0	0	0	0	1
NODE_39193_length_846_cov_4.2756	1	0	1	0	1	1	4	1	0	1	1	1	0	0	2	1	0	1	0	1	0	0	2	0
NODE_39292_length_811_cov_2.53175	13	3	0	0	7	2	2	3	1	2	0	0	2	0	1	2	3	0	1	2	0	1	6	0
NODE_39297_length_893_cov_2.24344	3	0	1	0	0	1	0	0	0	0	0	1	5	0	0	0	0	0	0	1	0	1	0	0
NODE_39318_length_1698_cov_3.03469	0	0	0	0	0	0	0	0	0	2	0	0	0	0	6	13	0	0	0	0	0	0	0	0
NODE_39352_length_886_cov_3.93381	0	0	0	0	0	0	0	0	0	2	1	0	10	0	0	0	0	1	0	0	0	0	0	6
NODE_39374_length_888_cov_1.34454	0	0	0	0	1	1	0	0	0	1	0	1	0	2	1	0	0	0	0	0	0	0	0	2
NODE_39381_length_926_cov_1.82664	1	0	2	0	9	0	0	0	0	0	0	0	0	0	0	0	0	0	0	0	1	0	2	0
NODE_39392_length_5914_cov_6.4016	0	0	0	0	0	1	0	0	61	99	1	3	0	0	0	0	4	0	0	3	3	0	0	1
NODE_39396_length_1658_cov_3.08796	0	0	0	0	0	0	0	0	0	1	0	0	0	0	7	11	0	0	1	0	1	0	0	0
NODE_39432_length_944_cov_1.74916	1	1	0	8	4	1	0	0	0	0	0	0	0	0	0	0	2	1	0	1	2	0	1	0
NODE_39482_length_1048_cov_2.14804	0	0	0	0	0	0	0	0	6	3	0	0	0	0	0	0	0	0	0	0	0	0	0	0
NODE_39531_length_864_cov_4.82571	0	0	0	0	1	0	0	0	0	1	0	0	0	1	0	1	0	0	1	0	0	0	0	13
NODE_39533_length_836_cov_3.06786	2	1	0	1	2	0	0	1	0	0	0	0	0	0	1	0	0	0	0	1	0	1	1	0
NODE_39610_length_917_cov_2.79466	0	0	0	0	0	0	0	0	0	0	0	0	0	0	0	9	0	0	0	0	0	0	0	0
NODE_39625_length_1433_cov_3.52322	0	0	0	0	0	0	0	0	5	3	0	0	0	0	2	11	0	0	2	0	0	0	0	0
NODE_39636_length_876_cov_1.59562	0	0	0	0	0	0	0	0	0	0	0	0	0	0	1	5	0	0	0	0	0	0	0	0
NODE_39657_length_1513_cov_4.68519	0	0	0	0	1	0	0	0	0	1	0	0	9	0	1	0	0	0	0	0	1	0	0	22
NODE_39686_length_1280_cov_2.68653	0	0	0	0	0	0	0	0	5	0	1	9	0	0	0	0	0	0	0	0	0	0	0	0
NODE_39710_length_1299_cov_2.67042	4	0	2	2	3	0	0	3	1	0	0	0	0	3	0	0	0	0	0	1	0	0	1	0
NODE_39737_length_1928_cov_2.93433	0	0	0	0	0	0	0	0	0	1	0	0	0	1	6	14	0	0	0	0	1	0	0	0
NODE_39887_length_5571_cov_3.73513	0	0	0	0	1	1	0	0	42	40	0	3	0	1	0	0	0	0	0	0	1	0	0	0
NODE_39962_length_998_cov_6.52704	0	0	0	0	0	0	0	0	8	17	0	1	0	0	0	0	0	1	0	0	0	0	0	0
NODE_40091_length_1598_cov_2.5068	0	0	0	0	0	0	0	0	0	0	0	1	0	0	1	16	0	0	0	0	1	0	0	0
NODE_40313_length_808_cov_5.10757	28	17	11	2	25	2	1	18	9	3	9	0	5	5	5	11	18	5	2	5	6	10	24	0
NODE_40353_length_913_cov_3.55128	1	2	2	0	1	1	0	0	1	0	0	0	0	0	0	1	3	0	0	1	0	1	2	0
NODE_40365_length_5961_cov_3.3891	0	0	0	1	1	0	2	0	23	9	0	0	0	0	11	40	0	0	2	2	1	0	0	0
NODE_40440_length_2519_cov_4.36242	0	0	0	0	0	0	1	0	0	0	0	0	0	2	16	30	0	0	0	1	0	1	0	0
NODE_40446_length_1297_cov_2.8905	0	0	0	0	0	0	0	0	0	0	0	0	2	1	3	9	0	0	1	0	0	0	0	0
NODE_40611_length_868_cov_4.01968	0	0	0	0	0	0	0	0	0	1	0	0	5	0	0	1	0	1	0	0	0	0	0	7
NODE_40618_length_853_cov_2.40351	0	0	0	0	0	0	0	0	0	0	0	0	0	0	0	0	0	0	1	0	0	0	0	7
NODE_40729_length_1222_cov_3.97686	0	0	0	0	0	0	0	0	0	2	0	1	7	0	1	0	0	0	0	0	1	0	0	16
NODE_40734_length_977_cov_4.48915	0	0	0	0	0	0	0	0	0	1	0	1	1	0	0	0	1	2	0	0	0	0	0	16
NODE_40758_length_812_cov_6.53765	0	0	0	0	0	0	0	0	0	1	0	1	1	0	0	0	0	0	1	1	1	0	0	19
NODE_40773_length_1117_cov_8.91808	0	0	0	0	0	1	24	8	0	1	0	0	0	1	0	0	0	0	1	0	2	0	0	0
NODE_40820_length_4722_cov_3.09449	0	0	0	0	0	1	0	0	0	0	0	1	0	0	14	44	0	0	0	0	2	0	0	0
NODE_40823_length_1217_cov_4.99828	0	0	0	0	0	0	0	0	0	12	0	0	5	0	0	2	0	1	2	0	2	0	0	17
NODE_40824_length_846_cov_2.33123	1	2	0	0	2	0	0	0	1	0	1	0	0	0	1	0	1	1	0	0	0	0	0	0
NODE_40834_length_804_cov_9.03338	1	0	0	0	2	1	0	0	0	0	0	0	0	1	0	0	0	0	1	0	1	0	0	23
NODE_40843_length_940_cov_4.42599	0	0	0	0	0	0	0	0	0	1	0	0	0	2	1	0	0	0	2	0	0	0	0	15
NODE_40854_length_808_cov_1.37981	1	0	0	2	1	0	0	0	0	0	0	0	0	0	0	1	0	0	0	0	0	0	0	0
NODE_40902_length_1316_cov_2.86281	0	0	0	0	0	0	0	0	0	0	0	1	1	0	1	2	1	1	0	0	1	0	0	12
NODE_40907_length_1006_cov_2.43849	4	2	1	0	4	0	0	0	0	0	0	0	0	0	4	0	1	0	0	1	0	0	3	0
NODE_40909_length_842_cov_2.03558	1	2	0	7	3	0	0	1	0	1	0	0	0	0	0	0	0	0	0	0	0	0	1	0
NODE_40919_length_818_cov_4.64351	0	0	0	0	0	0	0	0	0	1	0	0	11	3	0	0	0	0	0	0	0	0	0	8
NODE_40924_length_1193_cov_3.72408	7	0	0	1	3	0	0	0	1	0	2	0	1	0	4	1	2	0	0	3	0	1	3	0
NODE_40930_length_911_cov_1.59463	0	0	0	0	0	0	0	0	0	3	0	0	2	0	0	0	0	0	0	0	0	0	0	0
NODE_40936_length_848_cov_2.89155	0	2	0	2	0	0	0	4	0	0	0	0	0	0	0	0	0	0	0	0	0	1	0	1
NODE_40943_length_1262_cov_2.12759	0	0	0	0	1	0	0	0	0	0	0	0	4	2	1	1	0	0	0	1	0	0	0	4
NODE_40948_length_1285_cov_2.4935	0	0	0	0	0	2	0	0	7	0	3	1	0	0	0	0	0	0	0	0	0	0	0	0
NODE_40968_length_1055_cov_1.46	3	1	1	0	1	0	0	1	0	0	2	0	0	0	0	1	0	0	0	1	0	0	0	0
NODE_40976_length_867_cov_4.58744	0	0	0	0	0	0	0	0	0	0	0	0	1	1	0	0	0	1	0	0	0	0	0	13
NODE_40984_length_909_cov_2.69087	4	2	0	3	4	1	0	3	0	3	1	0	0	1	1	0	2	1	0	1	0	0	1	0
NODE_40988_length_842_cov_2.88437	28	9	1	9	14	0	0	5	0	13	1	1	0	0	2	0	0	2	0	0	3	0	3	11
NODE_41000_length_1294_cov_1.89992	0	0	0	1	1	0	0	0	2	0	0	8	0	0	0	0	0	0	0	0	0	0	0	0
NODE_41001_length_844_cov_1.93536	0	0	0	0	0	0	0	0	2	0	0	8	0	0	0	0	0	0	0	0	0	0	0	0
NODE_41029_length_1099_cov_1.24042	0	0	0	0	0	1	0	0	3	0	0	1	0	0	0	0	0	1	0	0	0	0	0	0
NODE_41040_length_949_cov_1.70358	0	0	0	0	0	0	0	0	0	0	0	0	0	0	2	5	0	0	0	0	0	0	0	0
NODE_41079_length_847_cov_1.76389	0	0	0	0	0	1	0	0	4	2	0	0	0	0	0	0	0	0	0	0	0	0	0	0
NODE_41080_length_839_cov_2.40561	2	2	0	4	3	0	0	2	0	0	0	0	1	0	0	0	0	0	0	0	2	0	2	0
NODE_41087_length_1131_cov_4.11059	3	1	1	0	3	0	9	1	0	0	1	0	0	1	0	0	0	0	0	0	0	0	1	0
NODE_41094_length_896_cov_1.95125	0	0	0	0	0	0	0	0	3	0	3	2	0	0	0	0	0	1	0	0	0	0	0	0
NODE_41102_length_987_cov_1.76073	0	0	0	0	0	0	0	0	3	4	0	0	0	0	0	0	0	0	0	0	0	0	0	0
NODE_41106_length_4011_cov_3.98003	0	0	0	0	0	0	0	0	21	6	0	1	0	0	8	34	0	2	2	0	1	0	0	0
NODE_41112_length_1648_cov_3.85436	0	0	0	0	0	0	0	0	5	3	0	0	0	0	4	15	0	0	0	1	0	1	0	0
NODE_41116_length_1154_cov_1.44768	0	0	0	0	0	0	0	0	3	2	0	0	0	0	0	2	0	0	0	0	0	0	0	0
NODE_41123_length_994_cov_1.25453	2	1	0	2	2	0	0	0	0	0	0	0	6	0	1	0	0	0	0	0	0	0	0	0
NODE_41125_length_1862_cov_4.03542	8	1	0	1	7	1	1	1	1	2	3	0	0	0	2	6	4	1	0	3	2	1	8	9
NODE_41129_length_1128_cov_2.11277	0	0	0	0	0	0	0	0	0	0	0	0	0	0	1	9	0	0	1	0	0	0	0	0
NODE_41139_length_2397_cov_3.99744	0	0	0	0	0	0	0	0	8	5	0	0	0	0	5	25	0	1	0	0	0	0	0	0
NODE_41143_length_971_cov_1.7369	0	0	0	0	0	1	0	0	3	1	0	2	0	0	1	0	0	0	0	0	0	0	0	0
NODE_41146_length_860_cov_2.24224	2	3	0	4	6	0	0	0	0	1	0	0	0	1	1	0	1	0	0	0	0	0	0	0
NODE_41182_length_1163_cov_1.3917	4	0	1	2	0	0	0	0	1	0	0	0	0	0	0	0	1	0	0	0	0	0	1	0
NODE_41183_length_1042_cov_1.62107	0	0	0	6	0	0	0	0	0	0	0	0	0	0	0	0	0	0	0	0	0	0	0	0
NODE_41241_length_1219_cov_1.88058	0	0	0	0	0	0	0	0	7	3	0	0	0	0	0	0	0	0	0	0	0	0	0	0
NODE_41255_length_821_cov_1.45431	1	1	1	0	1	2	0	1	0	1	0	0	0	0	1	3	0	0	1	0	0	1	2	0
NODE_41344_length_890_cov_2.50659	2	3	1	1	5	1	0	1	0	0	0	0	6	0	1	0	2	1	0	1	0	0	2	0
NODE_41357_length_1092_cov_4.36644	0	0	0	0	0	0	0	0	2	1	0	0	0	0	5	8	0	0	0	0	0	0	0	0
NODE_41417_length_1353_cov_2.34746	0	0	0	0	0	0	0	0	0	0	0	0	0	0	5	7	0	0	2	0	0	0	0	0
NODE_41533_length_810_cov_2.61325	2	0	0	2	3	0	0	0	1	0	0	0	0	0	1	1	0	1	0	0	0	0	0	0
NODE_42518_length_957_cov_1.79157	15	10	2	8	6	1	0	5	0	0	1	0	2	1	3	0	0	1	0	3	0	0	6	0
NODE_42671_length_1152_cov_2.7876	4	1	1	0	1	0	0	1	2	0	3	1	0	0	1	2	1	0	0	0	0	0	1	0
NODE_42779_length_812_cov_2.88375	1	0	1	0	1	1	0	0	0	0	1	0	0	0	2	0	0	0	0	4	0	1	1	0
NODE_42803_length_947_cov_3.62332	4	1	0	1	7	0	0	0	0	0	2	0	3	4	0	0	1	0	0	3	0	0	2	4
NODE_43457_length_889_cov_2.06475	2	1	0	0	1	1	0	0	1	0	0	0	0	0	0	0	0	1	0	0	0	0	1	0
NODE_43629_length_3081_cov_13.264	0	0	0	0	0	0	0	0	73	94	2	2	0	0	0	0	2	0	0	1	1	0	0	1
NODE_43634_length_937_cov_1.78005	2	1	0	0	5	0	0	2	1	0	0	0	0	0	0	0	0	2	0	0	0	0	1	0
NODE_43777_length_937_cov_1.17574	1	0	0	2	1	0	0	0	0	0	0	1	0	0	1	0	1	0	0	1	0	0	0	0
NODE_44370_length_1099_cov_2.45881	6	0	1	0	2	1	0	0	0	0	1	0	1	1	1	1	0	1	0	1	0	1	2	0
NODE_44375_length_1775_cov_3.99535	4	3	2	1	5	0	0	0	3	0	0	0	0	4	2	2	3	3	1	2	1	0	2	0
NODE_44631_length_842_cov_2.44854	3	3	0	1	1	2	0	0	0	0	0	0	0	0	1	0	3	0	0	0	0	0	0	0
NODE_44717_length_1015_cov_3.00417	2	1	1	1	0	0	0	2	1	1	0	0	0	2	0	0	1	0	1	2	0	0	4	0
NODE_45002_length_1038_cov_1.16887	0	0	0	0	0	0	0	0	0	0	1	3	0	0	0	0	0	0	0	0	0	0	0	0
NODE_45367_length_913_cov_1.54779	0	0	0	0	0	0	0	0	4	0	0	0	0	0	0	0	0	0	0	0	0	0	0	0
NODE_45368_length_1719_cov_3.45793	0	0	0	0	0	0	0	0	1	4	0	1	0	0	2	15	0	0	1	0	1	0	0	0
NODE_45861_length_829_cov_4.51938	4	1	0	0	5	0	0	2	0	0	1	0	0	0	0	2	0	0	0	1	0	0	1	0
NODE_46104_length_999_cov_3.39301	0	0	0	0	1	1	0	0	6	0	4	2	0	0	0	0	1	0	0	0	0	0	0	0
NODE_46637_length_832_cov_2.25483	4	0	1	2	6	0	0	0	0	0	0	0	0	0	0	0	0	0	0	1	0	0	0	0
NODE_47609_length_993_cov_2.65032	2	2	1	0	3	0	0	0	0	0	0	0	0	0	1	0	0	2	0	1	0	0	0	0
NODE_47668_length_2196_cov_2.55301	0	0	0	0	5	2	0	0	14	1	1	5	0	0	0	0	1	0	0	0	0	0	0	0
NODE_47869_length_964_cov_2.39384	2	6	1	2	3	0	0	0	0	0	1	0	0	0	1	0	3	1	0	1	0	0	0	0
NODE_47929_length_1105_cov_1.57714	0	0	0	0	0	0	0	0	3	1	0	2	0	0	0	0	0	0	0	0	0	0	0	0
NODE_48135_length_2989_cov_1.83504	0	0	0	0	0	1	0	1	6	2	1	7	0	0	3	3	0	0	0	0	0	0	0	0
NODE_48441_length_939_cov_1.59842	2	0	0	0	0	1	0	0	0	0	1	0	0	0	0	2	1	0	1	0	0	0	0	0
NODE_48477_length_1260_cov_2.37759	2	0	0	1	6	0	0	0	0	1	0	0	0	0	2	1	1	0	1	1	0	0	2	0
NODE_48568_length_899_cov_1.67891	3	0	0	1	1	0	0	2	2	2	0	0	0	0	0	0	0	0	0	0	1	0	0	0
NODE_49091_length_1398_cov_3.48325	3	0	2	1	2	2	0	4	2	0	3	0	2	1	0	2	0	1	0	4	1	1	2	0
NODE_49329_length_844_cov_2.43726	1	1	0	0	2	0	0	0	0	1	1	0	0	1	0	2	0	1	0	0	0	0	1	1
NODE_49352_length_857_cov_7.82918	0	0	0	0	0	0	0	0	1	0	0	0	0	0	0	0	0	0	0	1	0	0	1	28
NODE_49353_length_1804_cov_1.89708	0	0	0	0	0	0	0	0	0	0	0	0	0	0	3	11	0	0	0	0	0	0	0	0
NODE_49479_length_1276_cov_1.69206	7	0	2	2	3	1	0	0	0	1	0	1	0	0	1	0	0	0	0	0	0	0	1	3
NODE_49516_length_895_cov_1.76667	14	3	0	39	1	3	0	5	2	3	1	0	0	2	1	0	0	1	0	1	0	1	3	3
NODE_49585_length_3377_cov_3.33173	0	0	0	0	0	0	0	0	18	29	0	0	0	0	0	0	1	0	0	0	1	0	0	0
NODE_49679_length_828_cov_2.77361	3	0	1	0	0	0	0	0	0	0	0	0	0	0	0	0	2	1	0	1	1	0	1	1
NODE_49695_length_1398_cov_3.14147	0	0	0	0	0	5	0	0	4	1	3	8	0	0	0	0	0	0	0	0	0	0	0	0
NODE_49705_length_819_cov_2.53796	2	1	1	1	2	0	0	4	0	0	1	2	0	0	1	0	0	0	0	1	0	0	1	0
NODE_49716_length_1045_cov_2.85758	3	2	2	3	9	0	0	2	2	1	1	0	0	1	1	0	1	1	0	1	1	0	4	0
NODE_49861_length_2790_cov_4.87532	0	0	0	0	0	0	0	0	8	7	2	0	0	0	8	31	0	0	1	0	2	0	0	0
NODE_49894_length_935_cov_4.95795	6	6	1	0	3	1	0	6	0	0	1	0	0	0	0	1	4	1	0	0	0	0	0	1
NODE_50096_length_1161_cov_4.90506	5	2	0	2	6	0	0	1	0	0	5	0	0	0	1	3	2	1	0	4	1	0	1	5
NODE_50825_length_1487_cov_2.60265	7	4	2	2	9	0	0	2	0	0	0	0	1	0	1	0	2	0	0	0	0	0	5	1
NODE_50826_length_840_cov_1.75414	5	4	2	0	6	0	0	1	1	1	2	0	4	3	6	1	1	21	1	3	0	0	4	0
NODE_51056_length_2635_cov_18.9178	0	0	0	0	0	1	0	1	0	0	0	1	0	1	15	175	1	0	4	0	1	0	0	0
NODE_51118_length_833_cov_1.13239	55	1	0	5	25	1	0	6	0	5	0	0	0	0	0	0	1	2	1	1	2	0	1	2
NODE_51185_length_917_cov_2.13805	16	2	0	3	6	1	0	3	0	2	0	0	0	0	0	1	0	0	0	1	1	1	2	1
NODE_51250_length_958_cov_1.20819	1	0	0	0	1	0	0	0	0	0	0	0	0	0	0	0	1	0	0	0	0	0	3	0
NODE_51325_length_9074_cov_13.436	0	0	0	0	0	1	2	4	1	6	3	8	0	1	67	415	4	7	9	1	7	1	0	0
NODE_51636_length_870_cov_1.43926	116	30	3	33	46	12	0	27	3	16	1	1	2	3	13	3	10	4	1	3	7	1	9	0
NODE_51699_length_1134_cov_2.52549	24	8	10	4	33	2	24	12	5	3	6	2	1	6	3	8	2	4	1	6	11	5	17	2
NODE_51746_length_1456_cov_1.72305	0	0	0	0	0	1	0	0	1	0	1	2	0	0	1	7	0	0	0	0	0	0	0	0
NODE_53060_length_1426_cov_2.51349	0	0	0	0	0	0	0	0	0	0	0	0	0	0	1	12	0	0	1	0	0	0	0	0
NODE_53148_length_877_cov_2.13139	0	0	0	0	0	0	0	0	3	1	0	0	0	0	0	0	0	0	0	0	0	0	0	0
NODE_53222_length_937_cov_2.46259	0	0	0	0	0	0	0	0	0	0	0	0	0	0	1	8	0	0	0	0	0	0	0	0
NODE_53279_length_904_cov_1.76678	0	0	0	0	0	0	0	0	4	0	1	1	0	0	0	0	0	1	0	0	0	0	0	0
NODE_53298_length_3498_cov_3.23468	0	0	0	1	0	0	0	0	22	25	0	1	1	0	0	0	1	0	0	0	1	0	0	0
NODE_53328_length_1613_cov_2.42362	0	0	0	0	0	0	0	0	0	0	0	0	0	0	2	13	0	0	0	0	0	0	0	0
NODE_53398_length_874_cov_2.05983	0	0	0	0	0	0	0	0	3	1	1	0	0	0	0	0	0	0	0	0	0	0	0	1
NODE_53473_length_1055_cov_1.648	1	0	0	1	1	0	0	2	0	0	0	0	0	0	0	0	0	0	0	0	0	0	0	0
NODE_53615_length_1440_cov_2.26859	0	0	1	0	0	0	0	0	1	1	0	0	0	0	0	7	0	0	1	0	0	0	0	0
NODE_53779_length_892_cov_1.90084	0	1	0	2	0	0	0	0	0	0	0	0	0	0	2	0	1	0	0	0	0	1	1	0
NODE_53789_length_827_cov_1.74611	7	2	1	0	11	1	0	0	0	0	0	0	0	1	3	0	0	1	0	1	0	0	1	0
NODE_53803_length_1178_cov_2.19412	134	31	1	46	44	11	0	35	2	19	1	1	2	3	13	0	16	1	2	3	4	0	12	11
NODE_53824_length_972_cov_2.35987	22	11	0	7	11	0	0	6	0	6	2	0	0	0	1	0	3	1	0	1	0	0	4	0
NODE_53850_length_1158_cov_3.72076	10	1	1	2	8	2	0	3	0	0	2	0	8	0	1	0	1	1	0	0	0	0	4	0
NODE_55414_length_882_cov_3.97944	0	0	0	0	1	0	0	0	0	0	0	0	2	0	0	0	0	0	1	1	0	0	0	15
NODE_57001_length_810_cov_5.85166	0	0	0	0	0	0	0	0	1	3	0	0	0	2	1	0	1	0	1	1	0	0	0	14
NODE_57745_length_1240_cov_3.03797	3	0	1	1	2	1	0	3	0	0	1	0	0	2	2	0	0	1	0	1	0	0	0	0
NODE_59813_length_836_cov_8.78873	5	1	3	13	4	0	0	1	1	1	1	0	6	0	0	2	3	0	0	2	2	3	3	0
NODE_60244_length_992_cov_1.63501	0	0	0	0	0	0	0	0	0	0	0	0	0	0	1	5	0	0	0	0	0	0	0	0
NODE_60251_length_2383_cov_1.69373	0	0	0	0	0	0	0	0	5	3	0	7	0	1	0	0	3	0	0	3	0	1	0	0
NODE_60445_length_960_cov_2.06961	9	5	1	1	1	0	0	4	0	2	0	0	3	1	2	0	0	1	0	1	0	2	3	0
NODE_60565_length_2736_cov_22.6001	0	0	0	0	1	1	0	0	0	0	1	2	0	1	38	206	0	4	3	1	7	0	0	0
NODE_60690_length_951_cov_1.30022	333	41	4	43	149	12	0	11	1	45	2	3	2	1	5	6	9	3	2	2	9	1	18	1
NODE_61096_length_1037_cov_2.63238	0	0	0	0	0	0	0	0	0	1	0	0	0	0	0	9	0	0	0	0	0	0	0	0
NODE_61115_length_1510_cov_1.3732	0	0	1	0	0	0	0	0	0	0	0	0	0	0	0	0	0	8	0	0	0	0	0	0
NODE_61297_length_1108_cov_3.35708	7	1	0	0	6	1	0	2	0	2	0	0	13	0	0	1	2	1	2	0	1	1	4	7
NODE_61380_length_931_cov_3.40068	1	1	0	0	1	0	0	5	2	0	3	0	0	0	1	1	3	0	0	2	1	0	4	0
NODE_61413_length_860_cov_2.87826	0	0	0	0	0	0	0	0	0	1	0	0	2	2	0	0	0	0	0	0	0	0	0	7
NODE_61477_length_811_cov_6.47884	5	2	0	0	6	0	0	0	1	1	1	0	0	0	3	0	6	0	0	0	0	1	2	2
NODE_61512_length_818_cov_1.81651	0	0	0	0	0	1	0	0	3	0	1	1	0	0	0	0	1	0	0	0	0	1	0	0
NODE_61691_length_1179_cov_11.7331	0	0	0	0	0	0	0	0	31	20	0	0	0	0	0	0	0	1	1	1	0	0	1	0
NODE_61711_length_1388_cov_2.40735	5	2	1	1	3	1	0	1	0	0	0	0	1	0	3	0	1	0	0	1	0	1	2	0
NODE_61756_length_912_cov_2.80047	1	0	0	0	1	2	0	0	0	1	2	0	4	1	2	2	2	0	0	0	0	1	0	0
NODE_61795_length_1073_cov_3.38507	4	0	1	0	4	0	1	2	2	0	0	0	0	1	1	1	0	0	0	0	1	0	1	0
NODE_61850_length_1254_cov_1.36697	0	0	0	0	0	0	0	0	5	1	0	1	0	0	0	0	0	0	0	0	1	0	0	0
NODE_62078_length_971_cov_2.42031	5	0	0	0	3	1	0	0	0	2	1	0	0	1	0	0	0	0	0	0	0	0	2	0
NODE_62102_length_807_cov_5.14894	3	1	1	4	2	0	0	0	0	1	1	0	0	2	1	0	3	0	0	1	0	3	0	0
NODE_62244_length_6148_cov_2.49434	0	0	0	0	0	2	0	0	22	12	0	2	0	0	9	29	0	1	0	1	1	0	1	0
NODE_62328_length_2748_cov_11.1872	23	12	8	12	43	8	7	5	5	2	7	1	2	4	3	2	5	2	2	8	1	3	18	0
NODE_62330_length_1084_cov_2.42274	3	2	0	0	2	0	0	1	2	0	2	0	0	0	0	0	0	0	0	0	0	0	2	0
NODE_62333_length_876_cov_3.01705	1	1	1	0	2	0	0	0	1	0	2	0	0	0	0	1	0	1	0	0	0	0	5	1
NODE_62338_length_810_cov_2.02649	7	2	1	2	7	0	3	1	0	2	0	0	1	0	1	0	0	0	0	1	0	0	1	0
NODE_63311_length_1260_cov_2.69627	0	0	0	0	0	0	0	0	0	0	0	0	0	0	3	6	0	2	0	0	0	0	0	0
NODE_63570_length_1269_cov_1.41598	0	0	0	0	0	0	0	0	1	0	0	7	0	0	0	0	0	0	0	0	0	0	0	0
NODE_63613_length_1311_cov_1.55096	0	0	0	0	0	0	0	0	4	0	3	0	0	0	0	0	0	0	0	0	0	0	0	0
NODE_63633_length_2004_cov_3.50385	0	0	0	0	0	0	0	0	0	0	2	0	0	0	0	25	0	1	0	0	0	0	0	0
NODE_63698_length_833_cov_1.78663	0	0	0	1	1	3	0	0	1	0	0	0	0	0	1	0	0	0	0	0	0	0	1	0
NODE_64801_length_1081_cov_5.4269	10	1	2	15	5	1	0	3	0	1	0	0	8	2	1	0	2	0	0	0	0	2	6	0
NODE_65107_length_1329_cov_9.64678	23	5	3	7	7	4	4	7	1	2	2	2	0	0	4	0	5	1	0	0	0	2	4	3
NODE_65186_length_1567_cov_3.88095	0	0	0	0	0	0	0	0	9	3	0	0	0	0	2	10	0	1	0	0	1	0	0	0
NODE_67166_length_1165_cov_2.32613	5	6	1	0	4	0	0	3	0	3	1	0	0	0	1	1	0	0	0	1	0	0	0	1
NODE_67328_length_1693_cov_1.88767	0	0	0	0	0	4	0	0	6	0	3	1	0	0	0	0	0	0	0	0	0	0	0	0
NODE_67329_length_917_cov_2.05336	3	1	0	0	0	0	0	0	0	2	1	0	0	1	0	1	3	0	0	2	0	1	0	0
NODE_67416_length_805_cov_3.22533	5	2	2	1	3	1	0	1	0	0	0	0	0	1	0	0	2	1	0	1	0	0	3	3
NODE_67479_length_960_cov_2.45193	0	0	0	0	0	0	0	0	0	0	0	0	0	0	0	0	0	6	0	0	0	0	0	0
NODE_67488_length_977_cov_3.70824	0	0	0	1	0	0	0	0	5	1	0	0	0	0	3	6	0	0	1	0	0	0	0	0
NODE_67554_length_966_cov_1.0966	0	5	0	1	0	9	0	1	7	2	78	1	36	3	1	0	2	21	0	1	0	3	0	0
NODE_67744_length_1086_cov_3.92338	1	0	2	0	5	0	0	0	1	0	1	1	11	0	3	0	0	0	0	1	0	0	1	5
NODE_68088_length_1054_cov_1.53554	0	0	0	0	0	0	0	0	0	0	0	0	0	0	0	0	0	2	0	0	0	0	0	0
NODE_68120_length_929_cov_7.71625	2	0	0	0	0	1	0	0	0	1	1	0	3	8	1	5	0	0	23	1	4	1	0	162
NODE_68122_length_1461_cov_3.12304	0	0	0	0	0	0	0	0	5	1	1	5	0	1	0	0	0	0	0	0	9	0	0	0
NODE_68137_length_1164_cov_3.66637	9	5	1	0	9	1	0	2	2	0	6	1	12	1	2	3	9	4	1	4	1	2	2	1
NODE_68184_length_1168_cov_3.05211	58	16	10	35	28	10	5	18	3	8	6	2	17	9	4	7	20	5	1	4	4	2	20	5
NODE_69431_length_935_cov_1.68977	1	0	0	0	0	0	0	0	0	0	0	0	3	0	1	0	0	0	0	0	0	0	0	0
NODE_69780_length_860_cov_2.12919	4	2	0	1	1	2	0	3	0	0	2	1	2	0	0	0	3	0	0	0	0	0	0	0
NODE_69871_length_942_cov_2.33935	2	2	0	0	2	0	0	1	0	1	0	0	0	0	0	0	0	0	0	0	2	1	3	0
NODE_69966_length_869_cov_4.81941	43	5	7	6	34	7	6	6	14	4	11	1	8	4	10	7	22	12	1	14	2	7	27	6
NODE_70084_length_1168_cov_2.08895	0	0	0	0	0	0	0	0	0	0	0	0	0	0	0	10	0	0	0	0	0	0	0	0
NODE_70135_length_960_cov_2.12928	7	2	0	1	1	0	4	0	0	0	0	0	0	0	0	0	0	0	0	1	0	0	0	2
NODE_70212_length_832_cov_2.48906	0	2	0	0	2	0	0	1	0	0	0	0	0	0	3	0	2	0	0	0	0	0	1	0
NODE_70258_length_1046_cov_2.94147	0	5	1	0	3	0	0	0	2	2	0	0	0	0	1	1	2	1	0	0	0	0	2	5
NODE_70388_length_1091_cov_2.18533	3	1	1	2	4	0	0	0	0	1	0	0	0	1	0	0	2	0	0	0	0	0	0	0
NODE_70475_length_1562_cov_2.89516	9	6	0	2	8	3	0	0	0	5	1	0	0	4	3	2	6	3	0	3	1	1	5	1
NODE_70539_length_1212_cov_3.57563	11	3	2	3	8	1	0	0	2	1	1	3	0	0	0	3	0	3	0	3	1	0	3	0
NODE_70547_length_902_cov_1.50059	0	0	0	0	0	0	0	0	4	1	0	0	0	0	0	0	0	0	0	0	0	0	0	0
NODE_70553_length_2536_cov_2.10036	0	0	0	0	0	0	0	0	0	0	0	0	0	0	1	0	0	18	1	0	0	0	0	0
NODE_70787_length_910_cov_4.04444	86	9	3	12	27	4	5	1	2	14	0	1	7	2	4	0	8	3	1	1	4	0	7	1
NODE_71026_length_954_cov_3.79755	6	4	0	1	4	1	0	1	0	0	0	0	3	1	1	1	0	0	0	1	0	1	2	0
NODE_71502_length_957_cov_2.92572	0	1	1	1	3	0	0	1	2	0	0	0	0	0	2	0	1	0	0	0	0	0	2	0
NODE_71757_length_954_cov_2.25473	5	0	0	3	6	0	0	0	0	0	0	0	0	0	1	0	0	0	0	0	0	1	1	0
NODE_72638_length_806_cov_4.34621	1	1	0	1	3	0	0	0	0	0	2	0	0	0	3	1	1	0	0	1	0	1	1	3
NODE_72707_length_806_cov_2.57257	4	1	2	2	1	1	0	1	1	3	2	0	0	1	1	0	1	0	0	2	0	0	1	0
NODE_72940_length_1423_cov_2.46637	1	2	0	0	0	0	0	2	1	2	0	0	0	0	2	0	0	0	0	3	0	0	1	0
NODE_74415_length_986_cov_3.01826	11	6	3	19	13	9	2	14	3	0	11	3	9	14	2	3	5	1	0	2	2	2	25	3
NODE_75197_length_1568_cov_2.35162	0	0	0	0	0	0	0	0	0	0	0	0	0	0	3	9	0	0	0	0	1	0	0	0
NODE_75241_length_869_cov_11.2224	13	2	1	1	8	2	0	0	3	0	4	0	1	3	5	2	3	2	1	4	1	2	3	0
NODE_75326_length_1544_cov_2.45332	2	1	1	1	4	2	0	0	0	2	1	0	0	0	1	2	0	1	1	2	0	1	1	0
NODE_75361_length_1637_cov_4.30278	3	2	4	2	7	0	0	0	2	1	0	0	4	0	3	0	3	1	0	1	1	0	7	0
NODE_75399_length_975_cov_8.66957	42	31	14	33	30	3	16	19	12	1	4	6	10	5	7	1	10	1	2	3	4	3	36	17
NODE_75490_length_1604_cov_3.97418	0	0	0	1	0	0	0	0	3	4	0	0	0	0	2	17	0	0	0	0	0	0	0	0
NODE_75661_length_970_cov_3.64918	4	1	1	1	3	0	0	1	0	1	0	0	0	0	1	0	1	0	0	2	0	0	2	0
NODE_75833_length_820_cov_2.69542	2	0	0	0	5	0	0	0	0	0	1	0	0	1	0	0	0	1	0	0	0	0	0	0
NODE_76341_length_1141_cov_4.01473	5	1	1	1	0	0	0	2	2	1	0	1	0	1	0	4	1	0	0	0	1	0	1	4
NODE_76500_length_972_cov_1.78299	4	1	2	2	3	0	0	0	1	1	0	0	0	0	0	0	0	0	0	1	0	0	0	0
NODE_76615_length_932_cov_2.39909	3	0	0	0	5	2	0	0	1	0	0	0	0	0	0	3	1	0	0	2	0	0	1	0
NODE_76742_length_1270_cov_3.80247	0	0	0	0	0	0	2	0	0	34	0	0	0	0	1	8	0	0	0	0	0	0	0	0
NODE_76778_length_1709_cov_2.84341	8	3	0	0	10	2	0	2	0	0	4	1	0	0	0	1	2	0	0	1	0	1	1	3
NODE_76973_length_1130_cov_2.24837	6	1	0	1	6	0	0	2	0	2	0	0	0	0	0	3	0	0	0	0	2	0	1	0
NODE_77143_length_1751_cov_2.55837	0	0	0	0	0	0	0	0	4	2	0	0	0	0	0	13	0	0	1	0	0	0	0	0
NODE_77597_length_3872_cov_3.89652	0	0	0	0	0	1	1	0	0	0	1	0	0	0	13	37	0	1	1	0	2	0	0	0
NODE_77628_length_824_cov_5.94278	0	0	0	0	0	0	0	0	0	0	0	0	0	0	0	3	0	0	0	0	0	0	0	1
NODE_81563_length_1265_cov_3.23058	0	0	1	29	1	1	0	0	1	1	0	1	0	0	0	1	5	1	0	0	0	0	0	1
NODE_81697_length_916_cov_3.82346	17	4	1	6	13	1	0	1	0	5	0	0	0	1	3	2	3	1	0	1	0	0	2	0
NODE_81712_length_1201_cov_2.81239	6	4	1	0	6	0	0	1	1	1	0	1	0	1	2	0	0	0	0	2	0	1	1	0
NODE_81846_length_15852_cov_4.39951	0	0	0	1	0	1	3	1	1	0	2	5	0	4	89	193	1	5	5	2	4	0	1	1
NODE_81872_length_995_cov_5.05745	58	11	2	20	29	5	0	10	2	8	4	0	2	7	2	3	11	4	1	10	1	2	20	0
NODE_81899_length_1087_cov_5.99322	12	1	2	2	6	1	0	2	1	0	0	0	0	2	1	2	4	0	0	3	0	0	2	1
NODE_81927_length_962_cov_2.98126	5	0	1	2	7	0	0	0	0	1	0	0	1	2	1	0	0	1	0	0	0	0	1	0
NODE_82123_length_1692_cov_8.78192	1548	659	259	1144	880	259	87	761	147	144	190	43	250	162	315	157	509	97	32	161	71	97	538	104
NODE_82172_length_1731_cov_6.78282	9	2	2	3	14	3	0	0	1	0	3	0	0	3	1	1	7	1	2	4	1	4	3	1
NODE_82517_length_809_cov_2.42175	2	0	0	0	4	1	0	1	0	1	0	1	0	0	0	1	1	0	0	2	0	0	1	0
NODE_82830_length_909_cov_3.48244	24	4	2	1	7	0	0	1	3	0	1	1	0	0	0	4	1	0	2	1	0	1	5	3
NODE_82843_length_1019_cov_2.46992	15	2	0	7	3	0	0	4	0	0	1	0	0	0	2	1	101	1	0	0	0	0	2	0
NODE_82925_length_2165_cov_5.96114	14	2	3	5	11	2	0	2	2	0	1	0	0	0	3	1	5	1	0	8	2	4	10	0
NODE_82945_length_847_cov_2.38384	0	0	0	1	0	0	0	0	1	0	0	0	0	0	1	4	0	0	0	0	0	0	0	0
NODE_83012_length_986_cov_2.94307	0	0	0	0	0	0	0	0	7	3	0	0	0	0	0	0	0	0	0	0	0	0	0	0
NODE_83052_length_9276_cov_5.76814	0	0	0	1	1	0	0	4	0	0	3	3	0	0	57	173	2	3	0	0	3	0	1	1
NODE_83150_length_821_cov_5.73238	0	0	1	6	3	0	0	0	0	0	0	0	0	0	0	0	0	5	0	1	0	0	1	0
NODE_83219_length_990_cov_2.4139	3	1	0	0	1	2	0	0	1	0	2	0	1	0	2	0	2	0	0	1	0	0	1	0
NODE_83616_length_980_cov_2.56216	7	1	1	4	9	0	0	2	0	2	0	0	0	0	0	0	0	0	1	1	2	0	2	0
NODE_83822_length_952_cov_1.699	1	2	1	0	4	0	0	0	0	0	0	0	0	0	1	1	0	2	1	0	0	0	0	0
NODE_84040_length_1092_cov_12.5487	18	12	6	34	13	4	2	20	13	2	14	0	1	6	1	3	2	1	2	3	1	1	23	5
NODE_84156_length_1004_cov_4.53952	3	2	1	0	2	0	0	1	1	0	0	0	5	2	0	0	5	0	0	0	0	0	2	0
NODE_84217_length_1025_cov_1.86495	7	0	1	1	4	0	0	0	0	0	0	0	0	0	1	1	1	1	0	1	0	0	0	0
NODE_84586_length_3553_cov_3.88279	0	0	0	0	0	0	0	0	22	5	0	1	0	0	3	35	0	0	1	0	0	0	0	1
NODE_84654_length_863_cov_2.76361	9	4	3	7	7	1	0	4	0	2	0	0	0	2	0	0	1	1	0	0	0	0	1	0
NODE_84660_length_1735_cov_23.1315	55	24	13	35	26	7	0	21	6	7	8	2	3	1	12	10	17	3	1	8	4	4	17	1
NODE_84810_length_835_cov_2.34359	2	0	0	4	1	0	0	2	1	0	0	0	0	0	1	0	0	0	0	2	0	1	0	0
NODE_85060_length_1363_cov_3.75153	25	3	0	3	12	3	0	2	1	4	0	0	0	1	2	2	0	0	0	0	1	0	3	12
NODE_85194_length_853_cov_1.82707	18	7	1	2	7	1	0	1	0	5	0	0	1	0	0	0	1	0	0	2	0	0	2	0
NODE_87737_length_11371_cov_4.53862	1	0	0	0	0	0	0	0	53	27	1	0	3	1	22	116	2	3	3	1	2	1	1	2
NODE_87946_length_1526_cov_3.32223	13	7	1	6	6	2	13	11	1	9	3	1	2	0	2	1	2	1	0	0	2	2	3	0
NODE_88027_length_1152_cov_1.86873	5	1	0	0	6	0	0	1	2	1	0	0	0	0	1	0	0	0	0	1	0	0	0	0
NODE_88034_length_1473_cov_3.18265	20	5	3	6	6	1	0	5	0	5	1	1	0	0	1	1	5	0	0	1	0	0	2	0
NODE_88389_length_1435_cov_1.79275	0	0	0	0	0	1	0	0	0	0	0	0	0	0	0	6	0	1	0	0	0	0	0	0
NODE_88521_length_837_cov_2.5422	4	2	0	0	4	0	0	1	0	2	1	1	0	3	0	0	2	3	0	1	1	1	2	0
NODE_88522_length_1468_cov_4.9632	13	18	4	11	13	6	0	9	2	1	1	1	0	3	3	1	4	1	0	0	2	1	6	0
NODE_89297_length_1420_cov_28.2813	93	75	12	54	37	28	2	29	12	23	5	1	14	6	18	4	29	5	6	4	5	6	23	1
NODE_89327_length_1264_cov_3.94872	3	2	0	0	6	0	0	0	1	0	2	0	0	0	0	0	2	1	0	3	1	0	2	0
NODE_89422_length_928_cov_1.89003	38	17	3	13	20	6	17	6	3	5	0	2	0	1	9	7	11	1	1	6	2	1	11	0
NODE_89513_length_2299_cov_4.79857	10	5	2	1	10	3	0	10	1	0	7	0	1	4	4	0	5	3	1	1	2	2	4	0
NODE_89549_length_1353_cov_6.44145	2	1	0	1	3	2	0	0	5	2	3	3	0	0	0	0	0	1	0	0	168	0	0	1
NODE_89652_length_986_cov_15.0064	24	20	149	21	1087	24	240	20	30	18	48	23	44	47	21	21	201	20	16	57	14	20	93	5
NODE_89771_length_1393_cov_1.52765	2	1	0	0	5	0	0	0	1	0	0	0	0	0	0	0	0	0	0	0	0	0	0	8
NODE_89943_length_969_cov_1.95624	6	1	0	1	2	0	0	0	1	0	1	0	0	0	0	0	1	0	0	0	0	0	0	0
NODE_90400_length_808_cov_3.86587	26	0	0	1	17	1	0	2	0	5	1	0	0	0	2	0	1	1	0	1	1	0	1	0
NODE_90720_length_959_cov_4.64934	0	0	0	0	1	1	0	0	5	2	1	0	2	0	1	0	0	10	0	0	0	2	5	0
NODE_91020_length_1111_cov_1.65909	0	0	0	0	1	0	0	0	3	0	2	1	0	0	0	0	0	0	0	0	0	0	0	0
NODE_91121_length_1064_cov_2.33697	4	2	0	1	3	0	0	0	2	0	0	0	0	2	0	0	0	1	0	4	0	0	0	0
NODE_91321_length_913_cov_2.16434	1	1	0	3	2	0	0	1	0	0	0	0	0	2	1	0	2	0	0	3	0	0	0	2
NODE_93406_length_805_cov_1.652	21	9	0	3	12	0	0	0	0	1	0	0	0	0	1	0	3	2	1	0	1	0	4	11
NODE_93857_length_1188_cov_1.73257	0	0	0	0	0	0	0	0	0	0	0	0	0	0	2	6	0	0	0	0	0	0	0	0
NODE_93987_length_1542_cov_1.86079	0	0	0	0	0	0	0	0	2	0	2	5	0	0	0	0	0	0	0	0	0	0	0	0
NODE_94500_length_960_cov_2.22762	2	1	0	0	4	0	0	3	1	0	1	0	2	0	0	0	0	3	0	1	0	0	1	1
NODE_94538_length_874_cov_16.3797	19	6	6	5	13	2	0	1	3	1	0	1	0	2	4	1	0	1	0	3	2	2	8	1
NODE_94570_length_1782_cov_2.45339	10	2	2	2	11	0	0	2	2	0	1	0	0	0	0	0	2	1	0	3	0	0	4	0
NODE_94611_length_842_cov_4.03177	6	3	1	3	6	1	0	4	0	1	0	0	4	1	0	2	1	2	0	6	1	1	4	0
NODE_94672_length_942_cov_6.90755	69	16	12	10	50	8	4	8	8	4	12	3	13	9	7	10	18	6	4	5	7	10	37	3
NODE_94831_length_825_cov_1.73247	15	3	2	7	6	0	0	3	0	2	2	2	0	0	4	1	10	2	0	2	0	0	3	4
NODE_95331_length_886_cov_3.58243	34	5	1	16	30	4	0	4	1	12	1	0	0	3	2	0	2	3	0	1	4	0	4	21
NODE_95387_length_1184_cov_3.31267	3	1	0	1	1	0	0	2	1	0	0	0	4	2	0	0	3	1	0	0	0	0	5	0
NODE_95495_length_898_cov_14.2598	1	0	0	1	0	0	0	0	24	21	0	0	0	0	0	0	0	0	0	0	1	0	0	0
NODE_96579_length_1121_cov_7.78612	5	7	0	3	6	0	0	4	1	0	1	0	1	0	2	4	1	2	0	1	0	0	2	15
NODE_96710_length_1415_cov_3.82279	20	9	0	6	10	3	0	11	2	6	1	0	1	0	3	4	6	1	0	0	1	0	5	0
NODE_96711_length_1671_cov_4.53713	38	9	3	15	11	7	0	13	5	3	3	1	4	3	4	0	13	1	1	2	0	1	8	0
NODE_97380_length_2031_cov_3.93725	7	2	0	6	10	1	0	1	1	1	1	0	4	2	1	0	2	0	0	4	0	1	3	1
NODE_97577_length_807_cov_2.91755	6	0	1	4	1	0	0	0	0	5	0	0	5	1	1	0	1	1	0	1	0	1	3	0
NODE_97579_length_3058_cov_3.8951	16	3	4	3	9	2	0	8	3	0	1	0	0	0	3	3	3	3	0	2	1	1	10	1
NODE_98536_length_907_cov_10.6631	9	4	4	4	11	0	0	1	0	0	2	0	0	3	2	1	2	0	0	3	1	0	2	3
NODE_98848_length_1232_cov_4.62022	6	0	0	4	4	3	0	1	0	1	1	0	7	1	0	0	2	3	0	2	1	0	3	0
NODE_99102_length_2156_cov_4.51309	17	7	1	7	6	2	0	2	4	0	6	0	0	1	2	0	6	1	0	2	2	0	2	1
NODE_99111_length_1423_cov_22.6732	0	0	0	2	0	0	0	0	0	1	2	0	0	1	13	102	0	0	1	0	5	0	0	0
NODE_99415_length_1163_cov_3.70397	3	5	2	0	2	0	0	1	1	0	0	1	0	0	1	1	2	3	0	2	0	1	3	0
NODE_99957_length_877_cov_3.03528	0	0	0	0	0	0	0	0	0	0	0	0	8	0	0	0	0	0	0	0	1	0	0	1
NODE_100028_length_1235_cov_2.58644	1	0	1	1	5	0	0	6	0	0	1	0	0	0	1	0	4	2	0	0	1	0	1	0
NODE_103651_length_2796_cov_17.1908	0	0	0	0	0	1	0	0	96	102	1	2	1	1	0	0	0	2	0	2	3	0	0	1
NODE_109438_length_809_cov_6.13926	1	2	1	1	0	0	0	0	1	0	0	0	0	0	1	1	1	1	0	1	0	0	4	0
NODE_109792_length_923_cov_3.43664	6	3	1	2	2	0	0	1	0	0	0	0	0	2	0	0	0	0	0	1	0	1	4	0
NODE_109794_length_1036_cov_3.8634	5	1	0	1	3	0	0	0	1	0	1	0	1	0	1	1	1	0	0	1	0	0	4	0
NODE_109797_length_1364_cov_3.58518	0	0	0	0	2	5	0	0	0	0	3	6	0	1	0	0	0	0	0	0	1	0	0	0
NODE_109800_length_957_cov_1.82373	17	5	6	5	18	1	0	2	1	5	4	0	0	2	7	2	1	1	1	3	0	1	10	2
NODE_109808_length_6538_cov_3.80935	0	0	0	0	0	1	1	0	34	12	0	0	0	0	13	49	1	1	1	0	4	0	0	0
NODE_109810_length_8797_cov_3.91501	0	0	0	1	0	1	1	0	45	20	1	1	1	1	19	63	0	1	0	0	1	1	0	0
NODE_109811_length_1254_cov_3.14595	0	0	0	0	0	0	0	0	4	1	0	1	0	0	4	4	0	0	0	0	2	0	0	0
NODE_109812_length_1067_cov_3.35375	13	2	1	3	10	1	2	1	0	5	0	0	1	0	0	0	9	3	0	0	1	0	1	1
NODE_109814_length_1151_cov_4.375	1	1	1	0	5	1	0	1	0	0	0	0	0	0	2	4	5	0	0	6	1	0	6	1
NODE_109819_length_1372_cov_3.63326	5	1	0	2	8	3	0	0	0	0	0	1	0	0	3	1	2	2	0	3	0	0	0	0
NODE_109834_length_1058_cov_3.35294	18	3	0	8	8	1	0	4	1	15	1	0	0	3	1	0	2	0	2	0	2	0	3	0
NODE_109842_length_844_cov_13.4157	11	8	3	2	6	5	6	8	2	2	3	1	0	0	7	0	0	0	0	4	0	1	11	0
NODE_109843_length_2171_cov_1.45605	0	0	0	0	0	4	0	0	5	2	0	2	0	0	0	0	0	2	0	0	0	0	0	0
